"feed water pump",156
"boiler feed water",136
"cooling tower fan",134
"motor control center",95
"hp boiler feed",91
"lube oil pump",74
"lube oil level",70
"winding resistance check",66
"check winding resistance",65
"resistance check winding",65
"oil level low",63
"motor inspection resistance",60
"inspection resistance check",59
"water pump motor",59
"fan cooling tower",58
"oil pump motor",58
"hrc fan cooling",57
"ip boiler feed",57
"inspection jsa ct",56
"pump motor inspection",54
"boiler feed pump",53
"motor mo inspection",53
"resistance check tight",52
"st lube oil",51
"check tight all",50
"fin fan cooler",50
"motor annual inspection",50
"hp drum level",49
"motor inspection ct",49
"cccw fin fan",47
"fan cooler fan",47
"tight all bolt",47
"cooler fan inspection",46
"change oil in",45
"gas control valve",45
"over flow sump",45
"subwo cccw fin",45
"pump change oil",43
"cooling air fan",42
"flow sump pump",42
"fuel gas control",42
"tower fan motor",42
"gear annual inspection",41
"switch gear annual",41
"subwo acc fan",40
"control center inspection",39
"motor inspection jsa",39
"shim packs check",39
"test relief valve",39
"phosphate feed pump",38
"lube oil tank",37
"steam turbine generator",37
"water transfer pump",37
"change lube oil",36
"annual inspection jsa",35
"safety valve annual",35
"cooling water pump",34
"desh spray water",34
"ip drum level",34
"hp feed water",33
"hrsg hp drum",33
"hrc fan gear",31
"pump lube oil",31
"site effluent discharge",31
"month motor inspection",30
"breaker motor control",29
"ct lube oil",29
"demin water transfer",29
"inspection jsa apc",29
"main breaker motor",29
"tower fan gearbox",29
"boiler water hrsg",28
"diesel fire pump",28
"inspection st mi",28
"ip feed water",28
"spray water line",28
"control valve tymbhva",27
"ct filter house",27
"drum level gauge",27
"fan gear oil",27
"gear oil change",27
"raw water pretreatment",27
"seal oil pump",27
"chiller water pump",26
"control valve calibration",26
"edg cooling water",26
"fan motor inspection",26
"filter house fogging",26
"house fogging module",26
"hypochlorite feed pump",26
"protection relay sr",26
"service water pump",26
"turbine generator transformer",26
"ww solenoid valves",26
"combustion turbine generator",25
"cooling water motor",25
"cpl month inspection",25
"gear box oil",25
"water line tcv",25
"air fan motor",24
"amp manual disconnect",24
"hrsg ip drum",24
"inspection apc mcc",24
"kv amp manual",24
"oil sample semi",24
"rt edg clw",24
"sample semi annual",24
"water motor fan",24
"adv vacuum circuit",23
"annual inspection apc",23
"fg conditioner transmitters",23
"insulation resistance test",23
"st mi hgpi",23
"subwo insp calib",23
"vacuum circuit breakers",23
"acc fan oil",22
"driven fire pump",22
"fan oil sample",22
"fuel gas supply",22
"hydrogen control cabinet",22
"inspection motor inspection",22
"mo inspection jsa",22
"motor months inspection",22
"packs check relubrication",22
"rt sac ct",22
"acc fan inspection",21
"annual ir testing",21
"ct fogger pump",21
"fire protection system",21
"fuel forwarding pump",21
"liquid fuel pump",21
"pump month motor",21
"vdc battery bank",21
"visual inspection rectification",21
"vlv motor mbv",21
"acc fan st",20
"acc fin fan",20
"fan inspection tymagan",20
"feed pump change",20
"gearbox intervention required",20
"hp phosphate feed",20
"intervention required fan",20
"jsa apc mcc",20
"required fan st",20
"river water pump",20
"semi annual tymagan",20
"sew gearbox intervention",20
"sus switchgear annual",20
"switchgear annual inspection",20
"breaker annual inspection",19
"breaker inspection jsa",19
"clg tw fan",19
"effluent discharge pump",19
"emergency diesel generator",19
"fan st ",19
"first oil purification",19
"ip phosphate feed",19
"lube oil filter",19
"mi gt hgpi",19
"oil purification acc",19
"purification acc fan",19
"rt ppa ds",19
"sac ct lp",19
"sanitary waste blower",19
"sat steam hrsg",19
"st mi gt",19
"treated waste water",19
"cell riser mov",18
"clarified water pump",18
"hrsg lp drum",18
"inspection control valve",18
"isln vlv motor",18
"level control valve",18
"make up pump",18
"rt ct fog",18
"shell exhaust frame",18
"turbine shell exhaust",18
"valve annual maintenance",18
"valve sga acv",18
"water pump lube",18
"center annual inspection",17
"chemical lift pump",17
"condenser vacuum pump",17
"control center annual",17
"cycle makeup demin",17
"dc power station",17
"dsh control valve",17
"exhaust frame blower",17
"fan st sew",17
"feed hp phosphate",17
"hp desh spray",17
"hp main steam",17
"hyd pressure switches",17
"inspection apc sus",17
"ir testing sf",17
"kv room bba",17
"lift oil pump",17
"makeup demin water",17
"pump oil change",17
"pump unit ",17
"room bba gs",17
"routine oil replacement",17
"sca cpl month",17
"sf kv room",17
"st  first",17
"st sew gearbox",17
"testing sf kv",17
"transformer annual inspection",17
"tymagan subwo acc",17
"water leakage from",17
"annual bearing maintenance",16
"annual inspection breaker",16
"chem feed hp",16
"chiller condenser water",16
"condenser water pump",16
"ct fuel forwarding",16
"cta lube oil",16
"fan month inspection",16
"fin fan gearbox",16
"gea cooling tower",16
"gtl xf combustion",16
"hrc gea cooling",16
"inspection subwo insp",16
"it if need",16
"lube oil leak",16
"motor bearing replacement",16
"refill lube oil",16
"routine oil change",16
"service water service",16
"sf circuit breaker",16
"water service water",16
"xf combustion turbine",16
"acid feed pump",15
"ammonia feed pump",15
"chemical waste pump",15
"coa csl control",15
"control room operator",15
"cooling tower basin",15
"cpl vent fan",15
"csl control room",15
"diff pressure high",15
"feed ip phosphate",15
"fire water supply",15
"flow control valve",15
"motor air filter",15
"motor month inspection",15
"rh desh spray",15
"room operator console",15
"sanitary lift station",15
"semi annual inspection",15
"sight glass leak",15
"sus transformer annual",15
"water hrsg ph",15
"water leak from",15
"water leak out",15
"after chemical feed",14
"analytical monitoring probe",14
"annual inspection ct",14
"annual oil change",14
"annual online test",14
"box oil clg",14
"check for damage",14
"chem feed ip",14
"circulating water pump",14
"close drain cap",14
"control valve sga",14
"cooling hydrogen control",14
"ct gas turbine",14
"diesel driven fire",14
"fan rt edg",14
"frame blower motor",14
"fwa acv hp",14
"gen cooling hydrogen",14
"heat or hot",14
"instrument calibrator certification",14
"lo pressure switches",14
"lp drum level",14
"lubricate grease oh",14
"main lube oil",14
"monitoring probe meter",14
"motor fan rt",14
"multiple sample shared",14
"oil clg tw",14
"oil pump unit",14
"online test service",14
"or hot spot",14
"primary chiller water",14
"probe meter inspection",14
"saturated steam hrsg",14
"seal oil vacuum",14
"sga mbv hp",14
"station battery charger",14
"sus tie breaker",14
"valve annual online",14
"valve position detectors",14
"waste water pump",14
"water booster pump",14
"air fan motors",13
"all hyd oil",13
"anz multiple sample",13
"bearing oil pump",13
"cable termination heat",13
"center month inspection",13
"cleanliness cable termination",13
"condensate after chemical",13
"control center month",13
"control valve inspection",13
"ct fire protection",13
"dcis cabinet coa",13
"drum level control",13
"fan gear box",13
"fuel gas heat",13
"generator terminal enclosure",13
"hot spot visaul",13
"hrsg hp feed",13
"inspection cleanliness cable",13
"lp sat steam",13
"oil top up",13
"oil water separator",13
"packs check relubricate",13
"pump breaker inspection",13
"pump preventive maintenance",13
"rt ppa cxf",13
"sac anz multiple",13
"sac ct ip",13
"sample system unit",13
"sga acv hrsg",13
"spot visaul check",13
"subwo analytical monitoring",13
"temperature gauge out",13
"termination heat or",13
"transformer protection relay",13
"visaul check for",13
"water hrsg specific",13
"water injection pump",13
"water supply pump",13
"ack air conditioner",12
"acv control valve",12
"air conditioner for",12
"air inlet filter",12
"air press switches",12
"amp sf circuit",12
"aux lube oil",12
"bypass control valve",12
"cabinet coa cab",12
"center inspection cleanliness",12
"check for leaks",12
"check general condition",12
"check relubricate rpm",12
"close work permit",12
"compartment fan motor",12
"cooling tower cell",12
"cooling water fan",12
"demin recycle pump",12
"drains sump pump",12
"fan motor bearing",12
"fan motor hp",12
"fc gt cooling",12
"fuel oil storage",12
"fuel oil tank",12
"fuel stop valve",12
"fwa ps fwa",12
"gas supply safety",12
"gt cooling water",12
"hp rpm vac",12
"hrsg rh dsh",12
"hyd oil motor",12
"inspection jsa hrc",12
"kv amp sf",12
"kvb mip model",12
"leak subwo insp",12
"lift station pump",12
"load center transformer",12
"lp boiler water",12
"mbv month inspection",12
"mip model lm",12
"mist eliminator fan",12
"mo inspection ct",12
"model lm opacity",12
"motor breaker inspection",12
"motor hp rpm",12
"oil storage tank",12
"oily waste pump",12
"outage mov passing",12
"pressure low alarm",12
"pump motor bearing",12
"rpm vac ph",12
"rt fwa acv",12
"sac ct hp",12
"safety valve wspsa",12
"secondary chiller water",12
"start up vent",12
"supply safety valve",12
"unit auxiliary transformer",12
"vac ph hz",12
"valves subwo insp",12
"verify ph online",12
"water fan motor",12
"water pump change",12
"water pump fwa",12
"ad acc fin",11
"air compressor inspection",11
"alarm subwo insp",11
"annual clean strainer",11
"annual tymagan subwo",11
"breaker inside feeder",11
"breakers starter casse",11
"bsa mos overhead",11
"cc current transformer",11
"change silica gel",11
"chemical waste chemical",11
"clean breaker inside",11
"compartment cooling fan",11
"dc lube oil",11
"false start drain",11
"feed wtr stop",11
"fire protection co",11
"fogger pump month",11
"forwarding pump motor",11
"gen pressure switches",11
"gt tat tc",11
"hot drains sump",11
"hp boiler water",11
"hrc pht circulating",11
"hrh bypass valve",11
"hrsg hot reheat",11
"hrsg specific conductivity",11
"inspection cooling tower",11
"ip boiler water",11
"jsa apc sus",11
"leak out from",11
"line water wash",11
"liquid fuel stop",11
"lube oil low",11
"lube oil motor",11
"lube oil skid",11
"lubu oil pump",11
"ma ad acc",11
"min flow control",11
"month change lube",11
"mos overhead motor",11
"off line water",11
"oil change ",11
"oil leak from",11
"oil vacuum pmp",11
"overhead motor door",11
"position detectors tymaezt",11
"power oil pump",11
"pressure regulator valves",11
"pump month change",11
"pump motor month",11
"raw water tank",11
"refill new oil",11
"replace it if",11
"rh dsh control",11
"sac ct condensate",11
"sca cpl vent",11
"seal gas filter",11
"service water booster",11
"st steam turbine",11
"tie breaker annual",11
"turning gear motor",11
"water circulating water",11
"wtr stop valve",11
"year pump motor",11
