"pump",2770
"inspection",2456
"oil",2000
"check",1896
"valve",1860
"water",1733
"motor",1559
"fan",1061
"ct",1038
"air",950
"for",935
"hp",933
"leak",892
"pressure",827
"level",801
"replace",781
"control",767
"alarm",766
"subwo",762
"insp",734
"annual",691
"not",678
"change",671
"calibration",653
"feed",638
"filter",638
"gas",622
"hrsg",619
"cooling",616
"test",588
"lube",582
"line",571
"steam",563
"drain",558
"tank",517
"in",508
"switch",494
"clean",476
"from",476
"rt",474
"fuel",473
"pm",457
"ip",451
"flow",438
"gt",438
"system",427
"fwa",424
"repair",411
"breaker",409
"st",390
"seal",381
"transmitter",371
"reading",369
"low",368
"inspect",364
"high",358
"unit",354
"boiler",350
"drum",348
"maintenance",346
"new",337
"hrc",324
"up",323
"leaking",315
"jsa",309
"transformer",309
"need",308
"no",307
"condition",305
"out",304
"power",304
"turbine",300
"bearing",298
"lp",298
"tower",293
"gauge",292
"gear",288
"service",287
"install",280
"compressor",268
"monthly",266
"ph",266
"generator",261
"leakage",260
"wtb",256
"fire",255
"all",254
"discharge",253
"month",251
"open",250
"remove",250
"cleaning",245
"main",239
"temp",239
"apc",236
"strainer",230
"valves",228
"calibrate",221
"or",221
"pipe",215
"resistance",214
"temperature",212
"chemical",211
"vibration",211
"bfp",210
"error",210
"routine",210
"passing",208
"supply",208
"press",203
"close",202
"suction",202
"if",199
"trip",199
"panel",198
"function",196
"acv",188
"bdq",188
"start",187
"de",186
"sample",186
"mcc",185
"relay",184
"mov",182
"ac",181
"fail",178
"verify",178
"damage",177
"fault",177
"aux",176
"box",175
"waste",175
"cable",174
"broken",172
"inlet",171
"signal",170
"condensate",165
"position",165
"sus",164
"acc",163
"re",163
"room",163
"replacement",161
"after",160
"yearly",159
"gen",156
"mbv",156
"area",154
"dp",153
"kv",152
"it",150
"sensor",150
"due",149
"sga",149
"condenser",148
"side",148
"gland",147
"show",147
"cems",146
"lo",146
"vent",146
"sump",145
"packing",144
"vacuum",144
"cooler",143
"sampling",143
"analyzer",142
"grease",142
"probe",142
"as",140
"work",140
"hydraulic",139
"blower",137
"protection",136
"stop",135
"exhaust",134
"failure",134
"pmp",134
"battery",133
"are",132
"flange",132
"months",132
"point",130
"demin",129
"dcis",128
"fg",128
"meter",128
"over",128
"switches",128
"during",127
"required",127
"sac",123
"safety",123
"working",123
"xf",123
"fwe",122
"instrument",121
"bypass",118
"insulation",118
"stg",118
"manual",116
"diesel",115
"es",115
"module",115
"require",115
"co",114
"dosing",113
"off",113
"cabinet",112
"cell",112
"center",112
"isolation",112
"outlet",112
"gearbox",111
"heat",111
"weekly",111
"acid",110
"winding",110
"solenoid",109
"dc",108
"edg",108
"quarterly",108
"station",108
"value",108
"running",107
"circuit",106
"detector",106
"indicator",106
"semi",106
"actuator",105
"ctg",105
"overhaul",105
"noise",103
"pumps",103
"record",103
"shaft",103
"top",103
"auto",101
"connection",101
"dcs",101
"fix",101
"voltage",101
"found",100
"ground",99
"limit",98
"spray",98
"transfer",98
"adjust",97
"cb",97
"conditioner",97
"diff",97
"load",97
"raw",97
"when",97
"year",97
"conductivity",96
"fill",96
"leaks",96
"motors",96
"normal",96
"glass",95
"relief",95
"bolt",94
"operation",94
"deviation",93
"cta",92
"one",92
"pdm",92
"wash",92
"hv",91
"hyd",91
"lift",91
"set",91
"ecb",89
"fogger",89
"local",89
"lubrication",89
"max",89
"wwb",88
"chiller",87
"hi",87
"run",86
"hot",85
"hrb",85
"ppa",85
"visual",85
"fin",84
"hrh",84
"blowdown",83
"data",83
"dryer",83
"emergency",83
"faulty",83
"measurement",83
"monitor",83
"cover",82
"failed",82
"nox",82
"phosphate",82
"storage",82
"time",82
"ammonia",81
"injection",81
"liquid",81
"apd",80
"bl",80
"online",80
"refill",80
"abnormal",79
"make",79
"sight",79
"trouble",79
"wtd",79
"drive",78
"filters",78
"heater",78
"mo",78
"back",77
"disconnect",77
"psv",77
"sca",77
"that",77
"tight",77
"tube",77
"wtp",77
"general",76
"than",76
"transmitters",76
"mcw",75
"stem",75
"aa",74
"status",74
"vlv",74
"cal",73
"skid",73
"wwc",72
"building",71
"caa",71
"current",71
"hre",71
"hypochlorite",71
"inside",71
"tcv",71
"door",70
"fwc",70
"pt",70
"sr",70
"thermocouple",70
"cccw",69
"ccw",69
"contact",69
"gasket",69
"nde",69
"plug",69
"sf",69
"any",68
"coa",68
"damaged",68
"feedwater",67
"perform",67
"testing",67
"end",66
"rh",66
"sgj",65
"add",64
"detectors",64
"ft",64
"regrease",64
"sanitary",64
"shown",64
"wtr",64
"coupling",63
"lighting",63
"renew",63
"basin",62
"equipment",62
"sw",62
"tc",62
"tx",62
"crane",61
"eco",61
"greasing",61
"lcv",61
"loto",61
"mechanical",61
"cmp",60
"comp",60
"mi",60
"belt",59
"cab",59
"combustion",59
"lt",59
"wsc",59
"because",58
"bolts",58
"connector",58
"down",58
"drop",58
"house",58
"necessary",58
"range",58
"tnk",58
"too",58
"bv",57
"compartment",57
"exchanger",57
"model",57
"separator",57
"stack",57
"this",57
"casing",56
"circulating",56
"cpl",56
"electrical",56
"auxiliary",55
"plant",55
"preventive",55
"reset",55
"silica",55
"wwa",55
"before",54
"got",54
"lubricate",54
"regulator",54
"resin",54
"tighten",54
"fog",53
"loose",53
"part",53
"problem",53
"ring",53
"stroke",53
"support",53
"brush",52
"closed",52
"connect",52
"do",52
"hose",52
"investigate",52
"min",52
"oh",52
"operate",52
"river",52
"tk",52
"wire",52
"zero",52
"bus",51
"dirty",51
"feedback",51
"outage",51
"switchgear",51
"charger",50
"pht",50
"purge",50
"wsa",50
"checking",49
"collector",49
"hgpi",49
"te",49
"analyser",48
"ann",48
"bar",48
"chem",48
"element",48
"ensure",48
"lci",48
"mm",48
"pond",48
"probes",48
"cap",47
"correct",47
"hvac",47
"missing",47
"mix",47
"plate",47
"screen",47
"sodium",47
"take",47
"turning",47
"unloading",47
"analysis",46
"engine",46
"first",46
"joint",46
"bd",45
"bearings",45
"damper",45
"header",45
"ir",45
"performance",45
"request",45
"scu",45
"ventilation",45
"chi",44
"loop",44
"modify",44
"needed",44
"needs",44
"opacity",44
"ps",44
"seat",44
"sludge",44
"specific",44
"calib",43
"flt",43
"hydrogen",43
"leaked",43
"piping",43
"plc",43
"retighten",43
"sgg",43
"shim",43
"ww",43
"abv",42
"both",42
"breakers",42
"console",42
"internal",42
"lab",42
"makeup",42
"mark",42
"mech",42
"pre",42
"rotor",42
"send",42
"site",42
"spare",42
"vac",42
"wse",42
"bad",41
"ball",41
"but",41
"corrosion",41
"cycle",41
"ec",41
"fwf",41
"installation",41
"location",41
"manhole",41
"measure",41
"packs",41
"pi",41
"reinstall",41
"report",41
"tat",41
"type",41
"block",40
"bt",40
"display",40
"dry",40
"exh",40
"lock",40
"lower",40
"monitoring",40
"replaced",40
"terminal",40
"tymagan",40
"active",39
"desh",39
"dsh",39
"effluent",39
"excitation",39
"flame",39
"housing",39
"logic",39
"overload",39
"reheat",39
"rpm",39
"rust",39
"setting",39
"times",39
"trap",39
"welding",39
"wiring",39
"bleed",38
"cation",38
"crh",38
"disch",38
"dust",38
"flexible",38
"gtl",38
"output",38
"qa",38
"starter",38
"amp",37
"ch",37
"clg",37
"each",37
"higher",37
"isln",37
"issue",37
"pcv",37
"pot",37
"should",37
"some",37
"stm",37
"superheater",37
"tripped",37
"ups",37
"an",36
"aph",36
"bn",36
"booster",36
"connections",36
"duct",36
"fitting",36
"fo",36
"hq",36
"lf",36
"recirc",36
"still",36
"checks",35
"ds",35
"external",35
"get",35
"portable",35
"pretreatment",35
"span",35
"while",35
"alignment",34
"ccr",34
"conditioning",34
"csl",34
"ecp",34
"full",34
"ma",34
"mist",34
"more",34
"relubrication",34
"software",34
"surface",34
"swg",34
"then",34
"torque",34
"will",34
"backup",33
"dismantle",33
"electric",33
"every",33
"form",33
"frame",33
"hand",33
"handle",33
"its",33
"noisy",33
"operating",33
"otc",33
"overhead",33
"purify",33
"read",33
"saa",33
"turn",33
"wrong",33
"access",32
"adv",32
"between",32
"ci",32
"conduit",32
"cylinder",32
"ex",32
"fw",32
"hd",32
"light",32
"lubricant",32
"mixer",32
"ok",32
"operator",32
"outside",32
"phase",32
"process",32
"roof",32
"small",32
"space",32
"stage",32
"union",32
"vdc",32
"board",31
"bonnet",31
"brg",31
"card",31
"crack",31
"differential",31
"incorrect",31
"indication",31
"number",31
"order",31
"several",31
"shell",31
"wwtp",31
"bank",30
"bsa",30
"diaphragm",30
"driven",30
"list",30
"mk",30
"mode",30
"nd",30
"non",30
"orifice",30
"paint",30
"around",29
"blocked",29
"circ",29
"cond",29
"expansion",29
"fp",29
"gel",29
"grounding",29
"gtb",29
"ins",29
"loss",29
"malfunction",29
"positioner",29
"prevent",29
"properly",29
"regal",29
"rubber",29
"xv",29
"admin",28
"atomizing",28
"blow",28
"cause",28
"fogging",28
"forwarding",28
"had",28
"hdr",28
"inj",28
"ka",28
"manifold",28
"naoh",28
"oily",28
"painting",28
"pr",28
"rando",28
"ro",28
"sat",28
"sealing",28
"showing",28
"treatment",28
"bottle",27
"cannot",27
"carbon",27
"cartridge",27
"cc",27
"cte",27
"daily",27
"following",27
"free",27
"fv",27
"fwp",27
"inspec",27
"junction",27
"lvl",27
"restore",27
"sfan",27
"super",27
"tymbhva",27
"vcb",27
"volt",27
"ad",26
"been",26
"brushes",26
"bund",26
"debris",26
"difference",26
"fans",26
"feeder",26
"lamp",26
"loosen",26
"mcwp",26
"permit",26
"pg",26
"pv",26
"qv",26
"requires",26
"secondary",26
"shut",26
"step",26
"tag",26
"there",26
"treated",26
"activated",25
"agitator",25
"base",25
"bba",25
"cables",25
"components",25
"device",25
"economizer",25
"ev",25
"gtg",25
"gu",25
"key",25
"purification",25
"recalibration",25
"return",25
"scaffolding",25
"scrubber",25
"stream",25
"stuck",25
"transducers",25
"tw",25
"two",25
"under",25
"unstable",25
"we",25
"clw",24
"contactor",24
"defect",24
"elec",24
"extraction",24
"fully",24
"hx",24
"igv",24
"lvdt",24
"metal",24
"mp",24
"naocl",24
"nut",24
"other",24
"primary",24
"right",24
"shower",24
"swing",24
"within",24
"body",23
"build",23
"ctb",23
"enclosure",23
"fd",23
"fit",23
"flash",23
"force",23
"hcl",23
"mbh",23
"metering",23
"move",23
"parts",23
"place",23
"platform",23
"sgl",23
"tripping",23
"very",23
"vg",23
"vs",23
"warning",23
"years",23
"ab",22
"borescope",22
"calibrator",22
"certification",22
"chamber",22
"cmas",22
"container",22
"evap",22
"exk",22
"file",22
"koh",22
"oxygen",22
"pit",22
"riser",22
"short",22
"so",22
"split",22
"spot",22
