"1","a"
"2","b"
"3","c"
"4","d"
"5","e"
"6","f"
"7","g"
"8","h"
"9","i"
"10","j"
"11","k"
"12","l"
"13","m"
"14","n"
"15","o"
"16","p"
"17","q"
"18","r"
"19","s"
"20","t"
"21","u"
"22","v"
"23","w"
"24","x"
"25","y"
"26","z"
"27","br"
"28","br"
"29","aren't"
"30","can't"
"31","couldn't"
"32","didn't"
"33","doesn't"
"34","don't"
"35","hadn't"
"36","hasn't"
"37","haven't"
"38","he'd"
"39","he'll"
"40","here's"
"41","he's"
"42","how's"
"43","i'd"
"44","i'll"
"45","i'm"
"46","isn't"
"47","it's"
"48","i've"
"49","let's"
"50","mustn't"
"51","shan't"
"52","she'd"
"53","she'll"
"54","she's"
"55","shouldn't"
"56","that's"
"57","there's"
"58","they'd"
"59","they'll"
"60","they're"
"61","they've"
"62","wasn't"
"63","we'd"
"64","we'll"
"65","we're"
"66","weren't"
"67","we've"
"68","what's"
"69","when's"
"70","where's"
"71","who's"
"72","why's"
"73","won't"
"74","wouldn't"
"75","you'd"
"76","you'll"
"77","you're"
"78","you've"
"79","on"
"80","ge"
"81","iprc"
"82","has"
"83","was"
"84","have"
"85","please"
"86","and"
"87","the"
"88","which"
"89","where"
"90","of"
"91","can"
"92","by"
"93","be"
"94","with"
"95","at"
"96","to"
"97","is"
"98","default"
"99","multi"
"100","ge"
"101","colleagues"
"102","suddenly"
"103","somewhat"
"104","behaviour"
"105","lumins"
"106","mol"
"107","furthermore"
"108","appreciable"
"109","adverse"
"110","usual"
"111","respective"
"112","south"
"113","subsequent"
"113","for"
"113","while"
"113","will"
"113","in"
"113","if"
"113","or"
